{"v":"4.8.0","meta":{"g":"LottieFiles AE 1.0.0","a":"","k":"","d":"","tc":""},"fr":20,"ip":0,"op":20,"w":24,"h":24,"nm":"settings-icon-outline","ddd":0,"assets":[],"layers":[{"ddd":0,"ind":1,"ty":4,"nm":"settings-icon-outline Outlines","sr":1,"ks":{"o":{"a":0,"k":100,"ix":11},"r":{"a":1,"k":[{"i":{"x":[0.667],"y":[1]},"o":{"x":[0.333],"y":[0]},"t":6,"s":[0]},{"t":16,"s":[60]}],"ix":10},"p":{"a":0,"k":[12,12,0],"ix":2},"a":{"a":0,"k":[12,12,0],"ix":1},"s":{"a":1,"k":[{"i":{"x":[0.667,0.667,0.667],"y":[1,1,1]},"o":{"x":[0.333,0.333,0.333],"y":[0,0,0]},"t":0,"s":[86,86,100]},{"i":{"x":[0.667,0.667,0.667],"y":[1,1,1]},"o":{"x":[0.333,0.333,0.333],"y":[0,0,0]},"t":6,"s":[92,92,100]},{"i":{"x":[0.667,0.667,0.667],"y":[1,1,1]},"o":{"x":[0.333,0.333,0.333],"y":[0,0,0]},"t":16,"s":[92,92,100]},{"t":19,"s":[86,86,100]}],"ix":6}},"ao":0,"shapes":[{"ty":"gr","it":[{"ind":0,"ty":"sh","ix":1,"ks":{"a":0,"k":{"i":[[1.662,0],[0,-1.66],[-1.662,0],[0,1.661]],"o":[[-1.662,0],[0,1.661],[1.662,0],[0,-1.66]],"v":[[0.042,-3.056],[-2.971,-0.043],[0.042,2.97],[3.055,-0.043]],"c":true},"ix":2},"nm":"Path 1","mn":"ADBE Vector Shape - Group","hd":false},{"ind":1,"ty":"sh","ix":2,"ks":{"a":0,"k":{"i":[[2.49,0],[0,2.493],[-2.491,0],[0,-2.492]],"o":[[-2.493,0],[0,-2.492],[2.49,0],[0,2.493]],"v":[[0.042,4.477],[-4.478,-0.043],[0.042,-4.562],[4.562,-0.043]],"c":true},"ix":2},"nm":"Path 2","mn":"ADBE Vector Shape - Group","hd":false},{"ind":2,"ty":"sh","ix":3,"ks":{"a":0,"k":{"i":[[0,0],[-0.881,-0.312],[0,0],[-0.703,0],[-0.709,0.151],[0,0],[-1.689,1.448],[0,0],[-0.452,1.346],[0,0],[0,0.642],[0.165,0.898],[0,0],[0.95,1.071],[0,0],[0.881,0.313],[0,0],[0.703,0],[0.709,-0.151],[0,0],[1.69,-1.493],[0,0],[0.453,-1.363],[0,0],[0,-0.598],[-0.165,-0.898],[0,0],[-0.95,-1.072]],"o":[[1.691,1.451],[0,0],[0.664,0.11],[0.704,0],[0,0],[0.757,-0.269],[0,0],[0.884,-1.039],[0,0],[0.129,-0.706],[0,-0.516],[0,0],[-0.463,-1.306],[0,0],[-1.692,-1.451],[0,0],[-0.664,-0.111],[-0.704,0],[0,0],[-0.756,0.271],[0,0],[-0.894,1.05],[0,0],[-0.129,0.705],[0,0.516],[0,0],[0.463,1.306],[0,0]],"v":[[-5.377,5.517],[-2.032,7.447],[-2.032,10.36],[0.028,10.535],[2.156,10.319],[2.111,7.448],[5.456,5.518],[7.98,6.976],[10.022,3.371],[7.53,1.932],[7.759,0.093],[7.53,-1.934],[10.047,-3.387],[7.924,-6.999],[5.456,-5.52],[2.11,-7.451],[2.11,-10.362],[0.05,-10.537],[-2.077,-10.322],[-2.032,-7.451],[-5.377,-5.518],[-7.899,-6.977],[-9.956,-3.33],[-7.449,-1.934],[-7.678,-0.137],[-7.449,1.89],[-9.966,3.343],[-7.843,6.955]],"c":true},"ix":2},"nm":"Path 3","mn":"ADBE Vector Shape - Group","hd":false},{"ind":3,"ty":"sh","ix":4,"ks":{"a":0,"k":{"i":[[2.683,0],[0,1.159],[0,0],[0.612,0.465],[0,0],[0.253,0],[0,0.74],[-0.467,0.27],[0,0],[0,0.419],[-0.052,0.393],[0,0],[0,0.513],[-1.799,0],[-0.221,-0.13],[0,0],[-0.673,0.3],[0,0],[-1.897,0],[0,-1.498],[0,0],[-0.613,-0.465],[0,0],[-0.253,0],[0,-0.755],[0.466,-0.27],[0,0],[0,-0.378],[0.052,-0.392],[0,0],[0,-0.512],[1.8,0],[0.22,0.13],[0,0],[0.714,-0.3],[0,0]],"o":[[-2.639,0],[0,0],[-0.714,-0.3],[0,0],[-0.218,0.128],[-1.729,0],[0,-0.511],[0,0],[-0.009,-0.396],[0,-0.419],[0,0],[-0.466,-0.268],[0,-0.593],[0.255,0],[0,0],[0.612,-0.465],[0,0],[0,-1.486],[1.87,0],[0,0],[0.714,0.299],[0,0],[0.217,-0.127],[1.717,0],[0,0.511],[0,0],[0.052,0.393],[0,0.378],[0,0],[0.466,0.268],[0,0.592],[-0.255,0],[0,0],[-0.613,0.465],[0,0],[0.042,1.155]],"v":[[0,12.052],[-3.578,10.36],[-3.578,8.497],[-5.572,7.348],[-7.187,8.279],[-7.91,8.468],[-11.5,3.356],[-10.76,2.081],[-9.152,1.153],[-9.186,-0.043],[-9.109,-1.195],[-10.719,-2.081],[-11.458,-3.357],[-7.871,-8.474],[-7.14,-8.281],[-5.532,-7.35],[-3.579,-8.499],[-3.579,-10.362],[0.042,-12.053],[3.578,-10.362],[3.578,-8.499],[5.572,-7.35],[7.187,-8.282],[7.91,-8.471],[11.5,-3.358],[10.76,-2.083],[9.151,-1.155],[9.228,-0.003],[9.151,1.149],[10.761,2.079],[11.5,3.353],[7.912,8.47],[7.182,8.277],[5.572,7.348],[3.578,8.497],[3.578,10.36]],"c":true},"ix":2},"nm":"Path 4","mn":"ADBE Vector Shape - Group","hd":false},{"ty":"mm","mm":1,"nm":"Merge Paths 1","mn":"ADBE Vector Filter - Merge","hd":false},{"ty":"fl","c":{"a":0,"k":[0,0,0,1],"ix":4},"o":{"a":0,"k":100,"ix":5},"r":1,"bm":0,"nm":"Fill 1","mn":"ADBE Vector Graphic - Fill","hd":false},{"ty":"tr","p":{"a":0,"k":[12,12],"ix":2},"a":{"a":0,"k":[0,0],"ix":1},"s":{"a":0,"k":[100,100],"ix":3},"r":{"a":0,"k":0,"ix":6},"o":{"a":0,"k":100,"ix":7},"sk":{"a":0,"k":0,"ix":4},"sa":{"a":0,"k":0,"ix":5},"nm":"Transform"}],"nm":"Group 1","np":8,"cix":2,"bm":0,"ix":1,"mn":"ADBE Vector Group","hd":false}],"ip":0,"op":20,"st":0,"bm":0}],"markers":[]}